day,status,type,typename,unixtime,nonglicn,nongli,shengxiao,jieqi,weekcn,week1,week3,daynum,weeknum
20190101,1,2,节日,1546272000,十一月廿六,11月26日,狗,冬至后,二,Tue,Tuesday,0,1
20190102,1,0,工作日,1546358400,十一月廿七,11月27日,狗,冬至后,三,Wed,Wednesday,1,1
20190103,1,0,工作日,1546444800,十一月廿八,11月28日,狗,冬至后,四,Thu,Thursday,2,1
20190104,1,0,工作日,1546531200,十一月廿九,11月29日,狗,冬至后,五,Fri,Friday,3,1
20190105,1,1,假日,1546617600,十一月三十,11月30日,狗,小寒,六,Sat,Saturday,4,1
20190106,1,1,假日,1546704000,腊月初一,12月1日,狗,小寒后,日,Sun,Sunday,5,1
20190107,1,0,工作日,1546790400,腊月初二,12月2日,狗,小寒后,一,Mon,Monday,6,2
20190108,1,0,工作日,1546876800,腊月初三,12月3日,狗,小寒后,二,Tue,Tuesday,7,2
20190109,1,0,工作日,1546963200,腊月初四,12月4日,狗,小寒后,三,Wed,Wednesday,8,2
20190110,1,0,工作日,1547049600,腊月初五,12月5日,狗,小寒后,四,Thu,Thursday,9,2
20190111,1,0,工作日,1547136000,腊月初六,12月6日,狗,小寒后,五,Fri,Friday,10,2
20190112,1,1,假日,1547222400,腊月初七,12月7日,狗,小寒后,六,Sat,Saturday,11,2
20190113,1,1,假日,1547308800,腊月初八,12月8日,狗,小寒后,日,Sun,Sunday,12,2
20190114,1,0,工作日,1547395200,腊月初九,12月9日,狗,小寒后,一,Mon,Monday,13,3
20190115,1,0,工作日,1547481600,腊月初十,12月10日,狗,小寒后,二,Tue,Tuesday,14,3
20190116,1,0,工作日,1547568000,腊月十一,12月11日,狗,小寒后,三,Wed,Wednesday,15,3
20190117,1,0,工作日,1547654400,腊月十二,12月12日,狗,小寒后,四,Thu,Thursday,16,3
20190118,1,0,工作日,1547740800,腊月十三,12月13日,狗,小寒后,五,Fri,Friday,17,3
20190119,1,1,假日,1547827200,腊月十四,12月14日,狗,小寒后,六,Sat,Saturday,18,3
20190120,1,1,假日,1547913600,腊月十五,12月15日,狗,大寒,日,Sun,Sunday,19,3
20190121,1,0,工作日,1548000000,腊月十六,12月16日,狗,大寒后,一,Mon,Monday,20,4
20190122,1,0,工作日,1548086400,腊月十七,12月17日,狗,大寒后,二,Tue,Tuesday,21,4
20190123,1,0,工作日,1548172800,腊月十八,12月18日,狗,大寒后,三,Wed,Wednesday,22,4
20190124,1,0,工作日,1548259200,腊月十九,12月19日,狗,大寒后,四,Thu,Thursday,23,4
20190125,1,0,工作日,1548345600,腊月二十,12月20日,狗,大寒后,五,Fri,Friday,24,4
20190126,1,1,假日,1548432000,腊月廿一,12月21日,狗,大寒后,六,Sat,Saturday,25,4
20190127,1,1,假日,1548518400,腊月廿二,12月22日,狗,大寒后,日,Sun,Sunday,26,4
20190128,1,0,工作日,1548604800,腊月廿三,12月23日,狗,大寒后,一,Mon,Monday,27,5
20190129,1,0,工作日,1548691200,腊月廿四,12月24日,狗,大寒后,二,Tue,Tuesday,28,5
20190130,1,0,工作日,1548777600,腊月廿五,12月25日,狗,大寒后,三,Wed,Wednesday,29,5
20190131,1,0,工作日,1548864000,腊月廿六,12月26日,狗,大寒后,四,Thu,Thursday,30,5
20190201,1,0,工作日,1548950400,腊月廿七,12月27日,狗,大寒后,五,Fri,Friday,31,5
20190202,1,0,工作日,1549036800,腊月廿八,12月28日,狗,大寒后,六,Sat,Saturday,32,5
20190203,1,0,工作日,1549123200,腊月廿九,12月29日,狗,大寒后,日,Sun,Sunday,33,5
20190204,1,1,假日,1549209600,腊月三十,12月30日,狗,立春,一,Mon,Monday,34,6
20190205,1,2,节日,1549296000,正月初一,1月1日,猪,立春后,二,Tue,Tuesday,35,6
20190206,1,2,节日,1549382400,正月初二,1月2日,猪,立春后,三,Wed,Wednesday,36,6
20190207,1,2,节日,1549468800,正月初三,1月3日,猪,立春后,四,Thu,Thursday,37,6
20190208,1,1,假日,1549555200,正月初四,1月4日,猪,立春后,五,Fri,Friday,38,6
20190209,1,1,假日,1549641600,正月初五,1月5日,猪,立春后,六,Sat,Saturday,39,6
20190210,1,1,假日,1549728000,正月初六,1月6日,猪,立春后,日,Sun,Sunday,40,6
20190211,1,0,工作日,1549814400,正月初七,1月7日,猪,立春后,一,Mon,Monday,41,7
20190212,1,0,工作日,1549900800,正月初八,1月8日,猪,立春后,二,Tue,Tuesday,42,7
20190213,1,0,工作日,1549987200,正月初九,1月9日,猪,立春后,三,Wed,Wednesday,43,7
20190214,1,0,工作日,1550073600,正月初十,1月10日,猪,立春后,四,Thu,Thursday,44,7
20190215,1,0,工作日,1550160000,正月十一,1月11日,猪,立春后,五,Fri,Friday,45,7
20190216,1,1,假日,1550246400,正月十二,1月12日,猪,立春后,六,Sat,Saturday,46,7
20190217,1,1,假日,1550332800,正月十三,1月13日,猪,立春后,日,Sun,Sunday,47,7
20190218,1,0,工作日,1550419200,正月十四,1月14日,猪,立春后,一,Mon,Monday,48,8
20190219,1,0,工作日,1550505600,正月十五,1月15日,猪,雨水,二,Tue,Tuesday,49,8
20190220,1,0,工作日,1550592000,正月十六,1月16日,猪,雨水后,三,Wed,Wednesday,50,8
20190221,1,0,工作日,1550678400,正月十七,1月17日,猪,雨水后,四,Thu,Thursday,51,8
20190222,1,0,工作日,1550764800,正月十八,1月18日,猪,雨水后,五,Fri,Friday,52,8
20190223,1,1,假日,1550851200,正月十九,1月19日,猪,雨水后,六,Sat,Saturday,53,8
20190224,1,1,假日,1550937600,正月二十,1月20日,猪,雨水后,日,Sun,Sunday,54,8
20190225,1,0,工作日,1551024000,正月廿一,1月21日,猪,雨水后,一,Mon,Monday,55,9
20190226,1,0,工作日,1551110400,正月廿二,1月22日,猪,雨水后,二,Tue,Tuesday,56,9
20190227,1,0,工作日,1551196800,正月廿三,1月23日,猪,雨水后,三,Wed,Wednesday,57,9
20190228,1,0,工作日,1551283200,正月廿四,1月24日,猪,雨水后,四,Thu,Thursday,58,9
20190301,1,0,工作日,1551369600,正月廿五,1月25日,猪,雨水后,五,Fri,Friday,59,9
20190302,1,1,假日,1551456000,正月廿六,1月26日,猪,雨水后,六,Sat,Saturday,60,9
20190303,1,1,假日,1551542400,正月廿七,1月27日,猪,雨水后,日,Sun,Sunday,61,9
20190304,1,0,工作日,1551628800,正月廿八,1月28日,猪,雨水后,一,Mon,Monday,62,10
20190305,1,0,工作日,1551715200,正月廿九,1月29日,猪,雨水后,二,Tue,Tuesday,63,10
20190306,1,0,工作日,1551801600,正月三十,1月30日,猪,惊蛰,三,Wed,Wednesday,64,10
20190307,1,0,工作日,1551888000,二月初一,2月1日,猪,惊蛰后,四,Thu,Thursday,65,10
20190308,1,0,工作日,1551974400,二月初二,2月2日,猪,惊蛰后,五,Fri,Friday,66,10
20190309,1,1,假日,1552060800,二月初三,2月3日,猪,惊蛰后,六,Sat,Saturday,67,10
20190310,1,1,假日,1552147200,二月初四,2月4日,猪,惊蛰后,日,Sun,Sunday,68,10
20190311,1,0,工作日,1552233600,二月初五,2月5日,猪,惊蛰后,一,Mon,Monday,69,11
20190312,1,0,工作日,1552320000,二月初六,2月6日,猪,惊蛰后,二,Tue,Tuesday,70,11
20190313,1,0,工作日,1552406400,二月初七,2月7日,猪,惊蛰后,三,Wed,Wednesday,71,11
20190314,1,0,工作日,1552492800,二月初八,2月8日,猪,惊蛰后,四,Thu,Thursday,72,11
20190315,1,0,工作日,1552579200,二月初九,2月9日,猪,惊蛰后,五,Fri,Friday,73,11
20190316,1,1,假日,1552665600,二月初十,2月10日,猪,惊蛰后,六,Sat,Saturday,74,11
20190317,1,1,假日,1552752000,二月十一,2月11日,猪,惊蛰后,日,Sun,Sunday,75,11
20190318,1,0,工作日,1552838400,二月十二,2月12日,猪,惊蛰后,一,Mon,Monday,76,12
20190319,1,0,工作日,1552924800,二月十三,2月13日,猪,惊蛰后,二,Tue,Tuesday,77,12
20190320,1,0,工作日,1553011200,二月十四,2月14日,猪,惊蛰后,三,Wed,Wednesday,78,12
20190321,1,0,工作日,1553097600,二月十五,2月15日,猪,春分,四,Thu,Thursday,79,12
20190322,1,0,工作日,1553184000,二月十六,2月16日,猪,春分后,五,Fri,Friday,80,12
20190323,1,1,假日,1553270400,二月十七,2月17日,猪,春分后,六,Sat,Saturday,81,12
20190324,1,1,假日,1553356800,二月十八,2月18日,猪,春分后,日,Sun,Sunday,82,12
20190325,1,0,工作日,1553443200,二月十九,2月19日,猪,春分后,一,Mon,Monday,83,13
20190326,1,0,工作日,1553529600,二月二十,2月20日,猪,春分后,二,Tue,Tuesday,84,13
20190327,1,0,工作日,1553616000,二月廿一,2月21日,猪,春分后,三,Wed,Wednesday,85,13
20190328,1,0,工作日,1553702400,二月廿二,2月22日,猪,春分后,四,Thu,Thursday,86,13
20190329,1,0,工作日,1553788800,二月廿三,2月23日,猪,春分后,五,Fri,Friday,87,13
20190330,1,1,假日,1553875200,二月廿四,2月24日,猪,春分后,六,Sat,Saturday,88,13
20190331,1,1,假日,1553961600,二月廿五,2月25日,猪,春分后,日,Sun,Sunday,89,13
20190401,1,0,工作日,1554048000,二月廿六,2月26日,猪,春分后,一,Mon,Monday,90,14
20190402,1,0,工作日,1554134400,二月廿七,2月27日,猪,春分后,二,Tue,Tuesday,91,14
20190403,1,0,工作日,1554220800,二月廿八,2月28日,猪,春分后,三,Wed,Wednesday,92,14
20190404,1,0,工作日,1554307200,二月廿九,2月29日,猪,春分后,四,Thu,Thursday,93,14
20190405,1,2,节日,1554393600,三月初一,3月1日,猪,清明,五,Fri,Friday,94,14
20190406,1,1,假日,1554480000,三月初二,3月2日,猪,清明后,六,Sat,Saturday,95,14
20190407,1,1,假日,1554566400,三月初三,3月3日,猪,清明后,日,Sun,Sunday,96,14
20190408,1,0,工作日,1554652800,三月初四,3月4日,猪,清明后,一,Mon,Monday,97,15
20190409,1,0,工作日,1554739200,三月初五,3月5日,猪,清明后,二,Tue,Tuesday,98,15
20190410,1,0,工作日,1554825600,三月初六,3月6日,猪,清明后,三,Wed,Wednesday,99,15
20190411,1,0,工作日,1554912000,三月初七,3月7日,猪,清明后,四,Thu,Thursday,100,15
20190412,1,0,工作日,1554998400,三月初八,3月8日,猪,清明后,五,Fri,Friday,101,15
20190413,1,1,假日,1555084800,三月初九,3月9日,猪,清明后,六,Sat,Saturday,102,15
20190414,1,1,假日,1555171200,三月初十,3月10日,猪,清明后,日,Sun,Sunday,103,15
20190415,1,0,工作日,1555257600,三月十一,3月11日,猪,清明后,一,Mon,Monday,104,16
20190416,1,0,工作日,1555344000,三月十二,3月12日,猪,清明后,二,Tue,Tuesday,105,16
20190417,1,0,工作日,1555430400,三月十三,3月13日,猪,清明后,三,Wed,Wednesday,106,16
20190418,1,0,工作日,1555516800,三月十四,3月14日,猪,清明后,四,Thu,Thursday,107,16
20190419,1,0,工作日,1555603200,三月十五,3月15日,猪,清明后,五,Fri,Friday,108,16
20190420,1,1,假日,1555689600,三月十六,3月16日,猪,谷雨,六,Sat,Saturday,109,16
20190421,1,1,假日,1555776000,三月十七,3月17日,猪,谷雨后,日,Sun,Sunday,110,16
20190422,1,0,工作日,1555862400,三月十八,3月18日,猪,谷雨后,一,Mon,Monday,111,17
20190423,1,0,工作日,1555948800,三月十九,3月19日,猪,谷雨后,二,Tue,Tuesday,112,17
20190424,1,0,工作日,1556035200,三月二十,3月20日,猪,谷雨后,三,Wed,Wednesday,113,17
20190425,1,0,工作日,1556121600,三月廿一,3月21日,猪,谷雨后,四,Thu,Thursday,114,17
20190426,1,0,工作日,1556208000,三月廿二,3月22日,猪,谷雨后,五,Fri,Friday,115,17
20190427,1,1,假日,1556294400,三月廿三,3月23日,猪,谷雨后,六,Sat,Saturday,116,17
20190428,1,0,工作日,1556380800,三月廿四,3月24日,猪,谷雨后,日,Sun,Sunday,117,17
20190429,1,0,工作日,1556467200,三月廿五,3月25日,猪,谷雨后,一,Mon,Monday,118,18
20190430,1,0,工作日,1556553600,三月廿六,3月26日,猪,谷雨后,二,Tue,Tuesday,119,18
20190501,1,2,节日,1556640000,三月廿七,3月27日,猪,谷雨后,三,Wed,Wednesday,120,18
20190502,1,1,假日,1556726400,三月廿八,3月28日,猪,谷雨后,四,Thu,Thursday,121,18
20190503,1,1,假日,1556812800,三月廿九,3月29日,猪,谷雨后,五,Fri,Friday,122,18
20190504,1,1,假日,1556899200,三月三十,3月30日,猪,谷雨后,六,Sat,Saturday,123,18
20190505,1,0,工作日,1556985600,四月初一,4月1日,猪,谷雨后,日,Sun,Sunday,124,18
20190506,1,0,工作日,1557072000,四月初二,4月2日,猪,立夏,一,Mon,Monday,125,19
20190507,1,0,工作日,1557158400,四月初三,4月3日,猪,立夏后,二,Tue,Tuesday,126,19
20190508,1,0,工作日,1557244800,四月初四,4月4日,猪,立夏后,三,Wed,Wednesday,127,19
20190509,1,0,工作日,1557331200,四月初五,4月5日,猪,立夏后,四,Thu,Thursday,128,19
20190510,1,0,工作日,1557417600,四月初六,4月6日,猪,立夏后,五,Fri,Friday,129,19
20190511,1,1,假日,1557504000,四月初七,4月7日,猪,立夏后,六,Sat,Saturday,130,19
20190512,1,1,假日,1557590400,四月初八,4月8日,猪,立夏后,日,Sun,Sunday,131,19
20190513,1,0,工作日,1557676800,四月初九,4月9日,猪,立夏后,一,Mon,Monday,132,20
20190514,1,0,工作日,1557763200,四月初十,4月10日,猪,立夏后,二,Tue,Tuesday,133,20
20190515,1,0,工作日,1557849600,四月十一,4月11日,猪,立夏后,三,Wed,Wednesday,134,20
20190516,1,0,工作日,1557936000,四月十二,4月12日,猪,立夏后,四,Thu,Thursday,135,20
20190517,1,0,工作日,1558022400,四月十三,4月13日,猪,立夏后,五,Fri,Friday,136,20
20190518,1,1,假日,1558108800,四月十四,4月14日,猪,立夏后,六,Sat,Saturday,137,20
20190519,1,1,假日,1558195200,四月十五,4月15日,猪,立夏后,日,Sun,Sunday,138,20
20190520,1,0,工作日,1558281600,四月十六,4月16日,猪,立夏后,一,Mon,Monday,139,21
20190521,1,0,工作日,1558368000,四月十七,4月17日,猪,小满,二,Tue,Tuesday,140,21
20190522,1,0,工作日,1558454400,四月十八,4月18日,猪,小满后,三,Wed,Wednesday,141,21
20190523,1,0,工作日,1558540800,四月十九,4月19日,猪,小满后,四,Thu,Thursday,142,21
20190524,1,0,工作日,1558627200,四月二十,4月20日,猪,小满后,五,Fri,Friday,143,21
20190525,1,1,假日,1558713600,四月廿一,4月21日,猪,小满后,六,Sat,Saturday,144,21
20190526,1,1,假日,1558800000,四月廿二,4月22日,猪,小满后,日,Sun,Sunday,145,21
20190527,1,0,工作日,1558886400,四月廿三,4月23日,猪,小满后,一,Mon,Monday,146,22
20190528,1,0,工作日,1558972800,四月廿四,4月24日,猪,小满后,二,Tue,Tuesday,147,22
20190529,1,0,工作日,1559059200,四月廿五,4月25日,猪,小满后,三,Wed,Wednesday,148,22
20190530,1,0,工作日,1559145600,四月廿六,4月26日,猪,小满后,四,Thu,Thursday,149,22
20190531,1,0,工作日,1559232000,四月廿七,4月27日,猪,小满后,五,Fri,Friday,150,22
20190601,1,1,假日,1559318400,四月廿八,4月28日,猪,小满后,六,Sat,Saturday,151,22
20190602,1,1,假日,1559404800,四月廿九,4月29日,猪,小满后,日,Sun,Sunday,152,22
20190603,1,0,工作日,1559491200,五月初一,5月1日,猪,小满后,一,Mon,Monday,153,23
20190604,1,0,工作日,1559577600,五月初二,5月2日,猪,小满后,二,Tue,Tuesday,154,23
20190605,1,0,工作日,1559664000,五月初三,5月3日,猪,小满后,三,Wed,Wednesday,155,23
20190606,1,0,工作日,1559750400,五月初四,5月4日,猪,芒种,四,Thu,Thursday,156,23
20190607,1,2,节日,1559836800,五月初五,5月5日,猪,芒种后,五,Fri,Friday,157,23
20190608,1,1,假日,1559923200,五月初六,5月6日,猪,芒种后,六,Sat,Saturday,158,23
20190609,1,1,假日,1560009600,五月初七,5月7日,猪,芒种后,日,Sun,Sunday,159,23
20190610,1,0,工作日,1560096000,五月初八,5月8日,猪,芒种后,一,Mon,Monday,160,24
20190611,1,0,工作日,1560182400,五月初九,5月9日,猪,芒种后,二,Tue,Tuesday,161,24
20190612,1,0,工作日,1560268800,五月初十,5月10日,猪,芒种后,三,Wed,Wednesday,162,24
20190613,1,0,工作日,1560355200,五月十一,5月11日,猪,芒种后,四,Thu,Thursday,163,24
20190614,1,0,工作日,1560441600,五月十二,5月12日,猪,芒种后,五,Fri,Friday,164,24
20190615,1,1,假日,1560528000,五月十三,5月13日,猪,芒种后,六,Sat,Saturday,165,24
20190616,1,1,假日,1560614400,五月十四,5月14日,猪,芒种后,日,Sun,Sunday,166,24
20190617,1,0,工作日,1560700800,五月十五,5月15日,猪,芒种后,一,Mon,Monday,167,25
20190618,1,0,工作日,1560787200,五月十六,5月16日,猪,芒种后,二,Tue,Tuesday,168,25
20190619,1,0,工作日,1560873600,五月十七,5月17日,猪,芒种后,三,Wed,Wednesday,169,25
20190620,1,0,工作日,1560960000,五月十八,5月18日,猪,芒种后,四,Thu,Thursday,170,25
20190621,1,0,工作日,1561046400,五月十九,5月19日,猪,夏至,五,Fri,Friday,171,25
20190622,1,1,假日,1561132800,五月二十,5月20日,猪,夏至后,六,Sat,Saturday,172,25
20190623,1,1,假日,1561219200,五月廿一,5月21日,猪,夏至后,日,Sun,Sunday,173,25
20190624,1,0,工作日,1561305600,五月廿二,5月22日,猪,夏至后,一,Mon,Monday,174,26
20190625,1,0,工作日,1561392000,五月廿三,5月23日,猪,夏至后,二,Tue,Tuesday,175,26
20190626,1,0,工作日,1561478400,五月廿四,5月24日,猪,夏至后,三,Wed,Wednesday,176,26
20190627,1,0,工作日,1561564800,五月廿五,5月25日,猪,夏至后,四,Thu,Thursday,177,26
20190628,1,0,工作日,1561651200,五月廿六,5月26日,猪,夏至后,五,Fri,Friday,178,26
20190629,1,1,假日,1561737600,五月廿七,5月27日,猪,夏至后,六,Sat,Saturday,179,26
20190630,1,1,假日,1561824000,五月廿八,5月28日,猪,夏至后,日,Sun,Sunday,180,26
20190701,1,0,工作日,1561910400,五月廿九,5月29日,猪,夏至后,一,Mon,Monday,181,27
20190702,1,0,工作日,1561996800,五月三十,5月30日,猪,夏至后,二,Tue,Tuesday,182,27
20190703,1,0,工作日,1562083200,六月初一,6月1日,猪,夏至后,三,Wed,Wednesday,183,27
20190704,1,0,工作日,1562169600,六月初二,6月2日,猪,夏至后,四,Thu,Thursday,184,27
20190705,1,0,工作日,1562256000,六月初三,6月3日,猪,夏至后,五,Fri,Friday,185,27
20190706,1,1,假日,1562342400,六月初四,6月4日,猪,夏至后,六,Sat,Saturday,186,27
20190707,1,1,假日,1562428800,六月初五,6月5日,猪,小暑,日,Sun,Sunday,187,27
20190708,1,0,工作日,1562515200,六月初六,6月6日,猪,小暑后,一,Mon,Monday,188,28
20190709,1,0,工作日,1562601600,六月初七,6月7日,猪,小暑后,二,Tue,Tuesday,189,28
20190710,1,0,工作日,1562688000,六月初八,6月8日,猪,小暑后,三,Wed,Wednesday,190,28
20190711,1,0,工作日,1562774400,六月初九,6月9日,猪,小暑后,四,Thu,Thursday,191,28
20190712,1,0,工作日,1562860800,六月初十,6月10日,猪,小暑后,五,Fri,Friday,192,28
20190713,1,1,假日,1562947200,六月十一,6月11日,猪,小暑后,六,Sat,Saturday,193,28
20190714,1,1,假日,1563033600,六月十二,6月12日,猪,小暑后,日,Sun,Sunday,194,28
20190715,1,0,工作日,1563120000,六月十三,6月13日,猪,小暑后,一,Mon,Monday,195,29
20190716,1,0,工作日,1563206400,六月十四,6月14日,猪,小暑后,二,Tue,Tuesday,196,29
20190717,1,0,工作日,1563292800,六月十五,6月15日,猪,小暑后,三,Wed,Wednesday,197,29
20190718,1,0,工作日,1563379200,六月十六,6月16日,猪,小暑后,四,Thu,Thursday,198,29
20190719,1,0,工作日,1563465600,六月十七,6月17日,猪,小暑后,五,Fri,Friday,199,29
20190720,1,1,假日,1563552000,六月十八,6月18日,猪,小暑后,六,Sat,Saturday,200,29
20190721,1,1,假日,1563638400,六月十九,6月19日,猪,小暑后,日,Sun,Sunday,201,29
20190722,1,0,工作日,1563724800,六月二十,6月20日,猪,小暑后,一,Mon,Monday,202,30
20190723,1,0,工作日,1563811200,六月廿一,6月21日,猪,大暑,二,Tue,Tuesday,203,30
20190724,1,0,工作日,1563897600,六月廿二,6月22日,猪,大暑后,三,Wed,Wednesday,204,30
20190725,1,0,工作日,1563984000,六月廿三,6月23日,猪,大暑后,四,Thu,Thursday,205,30
20190726,1,0,工作日,1564070400,六月廿四,6月24日,猪,大暑后,五,Fri,Friday,206,30
20190727,1,1,假日,1564156800,六月廿五,6月25日,猪,大暑后,六,Sat,Saturday,207,30
20190728,1,1,假日,1564243200,六月廿六,6月26日,猪,大暑后,日,Sun,Sunday,208,30
20190729,1,0,工作日,1564329600,六月廿七,6月27日,猪,大暑后,一,Mon,Monday,209,31
20190730,1,0,工作日,1564416000,六月廿八,6月28日,猪,大暑后,二,Tue,Tuesday,210,31
20190731,1,0,工作日,1564502400,六月廿九,6月29日,猪,大暑后,三,Wed,Wednesday,211,31
20190801,1,0,工作日,1564588800,七月初一,7月1日,猪,大暑后,四,Thu,Thursday,212,31
20190802,1,0,工作日,1564675200,七月初二,7月2日,猪,大暑后,五,Fri,Friday,213,31
20190803,1,1,假日,1564761600,七月初三,7月3日,猪,大暑后,六,Sat,Saturday,214,31
20190804,1,1,假日,1564848000,七月初四,7月4日,猪,大暑后,日,Sun,Sunday,215,31
20190805,1,0,工作日,1564934400,七月初五,7月5日,猪,大暑后,一,Mon,Monday,216,32
20190806,1,0,工作日,1565020800,七月初六,7月6日,猪,大暑后,二,Tue,Tuesday,217,32
20190807,1,0,工作日,1565107200,七月初七,7月7日,猪,大暑后,三,Wed,Wednesday,218,32
20190808,1,0,工作日,1565193600,七月初八,7月8日,猪,立秋,四,Thu,Thursday,219,32
20190809,1,0,工作日,1565280000,七月初九,7月9日,猪,立秋后,五,Fri,Friday,220,32
20190810,1,1,假日,1565366400,七月初十,7月10日,猪,立秋后,六,Sat,Saturday,221,32
20190811,1,1,假日,1565452800,七月十一,7月11日,猪,立秋后,日,Sun,Sunday,222,32
20190812,1,0,工作日,1565539200,七月十二,7月12日,猪,立秋后,一,Mon,Monday,223,33
20190813,1,0,工作日,1565625600,七月十三,7月13日,猪,立秋后,二,Tue,Tuesday,224,33
20190814,1,0,工作日,1565712000,七月十四,7月14日,猪,立秋后,三,Wed,Wednesday,225,33
20190815,1,0,工作日,1565798400,七月十五,7月15日,猪,立秋后,四,Thu,Thursday,226,33
20190816,1,0,工作日,1565884800,七月十六,7月16日,猪,立秋后,五,Fri,Friday,227,33
20190817,1,1,假日,1565971200,七月十七,7月17日,猪,立秋后,六,Sat,Saturday,228,33
20190818,1,1,假日,1566057600,七月十八,7月18日,猪,立秋后,日,Sun,Sunday,229,33
20190819,1,0,工作日,1566144000,七月十九,7月19日,猪,立秋后,一,Mon,Monday,230,34
20190820,1,0,工作日,1566230400,七月二十,7月20日,猪,立秋后,二,Tue,Tuesday,231,34
20190821,1,0,工作日,1566316800,七月廿一,7月21日,猪,立秋后,三,Wed,Wednesday,232,34
20190822,1,0,工作日,1566403200,七月廿二,7月22日,猪,立秋后,四,Thu,Thursday,233,34
20190823,1,0,工作日,1566489600,七月廿三,7月23日,猪,处暑,五,Fri,Friday,234,34
20190824,1,1,假日,1566576000,七月廿四,7月24日,猪,处暑后,六,Sat,Saturday,235,34
20190825,1,1,假日,1566662400,七月廿五,7月25日,猪,处暑后,日,Sun,Sunday,236,34
20190826,1,0,工作日,1566748800,七月廿六,7月26日,猪,处暑后,一,Mon,Monday,237,35
20190827,1,0,工作日,1566835200,七月廿七,7月27日,猪,处暑后,二,Tue,Tuesday,238,35
20190828,1,0,工作日,1566921600,七月廿八,7月28日,猪,处暑后,三,Wed,Wednesday,239,35
20190829,1,0,工作日,1567008000,七月廿九,7月29日,猪,处暑后,四,Thu,Thursday,240,35
20190830,1,0,工作日,1567094400,八月初一,8月1日,猪,处暑后,五,Fri,Friday,241,35
20190831,1,1,假日,1567180800,八月初二,8月2日,猪,处暑后,六,Sat,Saturday,242,35
20190901,1,1,假日,1567267200,八月初三,8月3日,猪,处暑后,日,Sun,Sunday,243,35
20190902,1,0,工作日,1567353600,八月初四,8月4日,猪,处暑后,一,Mon,Monday,244,36
20190903,1,0,工作日,1567440000,八月初五,8月5日,猪,处暑后,二,Tue,Tuesday,245,36
20190904,1,0,工作日,1567526400,八月初六,8月6日,猪,处暑后,三,Wed,Wednesday,246,36
20190905,1,0,工作日,1567612800,八月初七,8月7日,猪,处暑后,四,Thu,Thursday,247,36
20190906,1,0,工作日,1567699200,八月初八,8月8日,猪,处暑后,五,Fri,Friday,248,36
20190907,1,1,假日,1567785600,八月初九,8月9日,猪,处暑后,六,Sat,Saturday,249,36
20190908,1,1,假日,1567872000,八月初十,8月10日,猪,白露,日,Sun,Sunday,250,36
20190909,1,0,工作日,1567958400,八月十一,8月11日,猪,白露后,一,Mon,Monday,251,37
20190910,1,0,工作日,1568044800,八月十二,8月12日,猪,白露后,二,Tue,Tuesday,252,37
20190911,1,0,工作日,1568131200,八月十三,8月13日,猪,白露后,三,Wed,Wednesday,253,37
20190912,1,0,工作日,1568217600,八月十四,8月14日,猪,白露后,四,Thu,Thursday,254,37
20190913,1,2,节日,1568304000,八月十五,8月15日,猪,白露后,五,Fri,Friday,255,37
20190914,1,1,假日,1568390400,八月十六,8月16日,猪,白露后,六,Sat,Saturday,256,37
20190915,1,1,假日,1568476800,八月十七,8月17日,猪,白露后,日,Sun,Sunday,257,37
20190916,1,0,工作日,1568563200,八月十八,8月18日,猪,白露后,一,Mon,Monday,258,38
20190917,1,0,工作日,1568649600,八月十九,8月19日,猪,白露后,二,Tue,Tuesday,259,38
20190918,1,0,工作日,1568736000,八月二十,8月20日,猪,白露后,三,Wed,Wednesday,260,38
20190919,1,0,工作日,1568822400,八月廿一,8月21日,猪,白露后,四,Thu,Thursday,261,38
20190920,1,0,工作日,1568908800,八月廿二,8月22日,猪,白露后,五,Fri,Friday,262,38
20190921,1,1,假日,1568995200,八月廿三,8月23日,猪,白露后,六,Sat,Saturday,263,38
20190922,1,1,假日,1569081600,八月廿四,8月24日,猪,白露后,日,Sun,Sunday,264,38
20190923,1,0,工作日,1569168000,八月廿五,8月25日,猪,秋分,一,Mon,Monday,265,39
20190924,1,0,工作日,1569254400,八月廿六,8月26日,猪,秋分后,二,Tue,Tuesday,266,39
20190925,1,0,工作日,1569340800,八月廿七,8月27日,猪,秋分后,三,Wed,Wednesday,267,39
20190926,1,0,工作日,1569427200,八月廿八,8月28日,猪,秋分后,四,Thu,Thursday,268,39
20190927,1,0,工作日,1569513600,八月廿九,8月29日,猪,秋分后,五,Fri,Friday,269,39
20190928,1,1,假日,1569600000,八月三十,8月30日,猪,秋分后,六,Sat,Saturday,270,39
20190929,1,0,工作日,1569686400,九月初一,9月1日,猪,秋分后,日,Sun,Sunday,271,39
20190930,1,0,工作日,1569772800,九月初二,9月2日,猪,秋分后,一,Mon,Monday,272,40
20191001,1,2,节日,1569859200,九月初三,9月3日,猪,秋分后,二,Tue,Tuesday,273,40
20191002,1,2,节日,1569945600,九月初四,9月4日,猪,秋分后,三,Wed,Wednesday,274,40
20191003,1,2,节日,1570032000,九月初五,9月5日,猪,秋分后,四,Thu,Thursday,275,40
20191004,1,1,假日,1570118400,九月初六,9月6日,猪,秋分后,五,Fri,Friday,276,40
20191005,1,1,假日,1570204800,九月初七,9月7日,猪,秋分后,六,Sat,Saturday,277,40
20191006,1,1,假日,1570291200,九月初八,9月8日,猪,秋分后,日,Sun,Sunday,278,40
20191007,1,1,假日,1570377600,九月初九,9月9日,猪,秋分后,一,Mon,Monday,279,41
20191008,1,0,工作日,1570464000,九月初十,9月10日,猪,寒露,二,Tue,Tuesday,280,41
20191009,1,0,工作日,1570550400,九月十一,9月11日,猪,寒露后,三,Wed,Wednesday,281,41
20191010,1,0,工作日,1570636800,九月十二,9月12日,猪,寒露后,四,Thu,Thursday,282,41
20191011,1,0,工作日,1570723200,九月十三,9月13日,猪,寒露后,五,Fri,Friday,283,41
20191012,1,0,工作日,1570809600,九月十四,9月14日,猪,寒露后,六,Sat,Saturday,284,41
20191013,1,1,假日,1570896000,九月十五,9月15日,猪,寒露后,日,Sun,Sunday,285,41
20191014,1,0,工作日,1570982400,九月十六,9月16日,猪,寒露后,一,Mon,Monday,286,42
20191015,1,0,工作日,1571068800,九月十七,9月17日,猪,寒露后,二,Tue,Tuesday,287,42
20191016,1,0,工作日,1571155200,九月十八,9月18日,猪,寒露后,三,Wed,Wednesday,288,42
20191017,1,0,工作日,1571241600,九月十九,9月19日,猪,寒露后,四,Thu,Thursday,289,42
20191018,1,0,工作日,1571328000,九月二十,9月20日,猪,寒露后,五,Fri,Friday,290,42
20191019,1,1,假日,1571414400,九月廿一,9月21日,猪,寒露后,六,Sat,Saturday,291,42
20191020,1,1,假日,1571500800,九月廿二,9月22日,猪,寒露后,日,Sun,Sunday,292,42
20191021,1,0,工作日,1571587200,九月廿三,9月23日,猪,寒露后,一,Mon,Monday,293,43
20191022,1,0,工作日,1571673600,九月廿四,9月24日,猪,寒露后,二,Tue,Tuesday,294,43
20191023,1,0,工作日,1571760000,九月廿五,9月25日,猪,寒露后,三,Wed,Wednesday,295,43
20191024,1,0,工作日,1571846400,九月廿六,9月26日,猪,霜降,四,Thu,Thursday,296,43
20191025,1,0,工作日,1571932800,九月廿七,9月27日,猪,霜降后,五,Fri,Friday,297,43
20191026,1,1,假日,1572019200,九月廿八,9月28日,猪,霜降后,六,Sat,Saturday,298,43
20191027,1,1,假日,1572105600,九月廿九,9月29日,猪,霜降后,日,Sun,Sunday,299,43
20191028,1,0,工作日,1572192000,十月初一,10月1日,猪,霜降后,一,Mon,Monday,300,44
20191029,1,0,工作日,1572278400,十月初二,10月2日,猪,霜降后,二,Tue,Tuesday,301,44
20191030,1,0,工作日,1572364800,十月初三,10月3日,猪,霜降后,三,Wed,Wednesday,302,44
20191031,1,0,工作日,1572451200,十月初四,10月4日,猪,霜降后,四,Thu,Thursday,303,44
20191101,1,0,工作日,1572537600,十月初五,10月5日,猪,霜降后,五,Fri,Friday,304,44
20191102,1,1,假日,1572624000,十月初六,10月6日,猪,霜降后,六,Sat,Saturday,305,44
20191103,1,1,假日,1572710400,十月初七,10月7日,猪,霜降后,日,Sun,Sunday,306,44
20191104,1,0,工作日,1572796800,十月初八,10月8日,猪,霜降后,一,Mon,Monday,307,45
20191105,1,0,工作日,1572883200,十月初九,10月9日,猪,霜降后,二,Tue,Tuesday,308,45
20191106,1,0,工作日,1572969600,十月初十,10月10日,猪,霜降后,三,Wed,Wednesday,309,45
20191107,1,0,工作日,1573056000,十月十一,10月11日,猪,霜降后,四,Thu,Thursday,310,45
20191108,1,0,工作日,1573142400,十月十二,10月12日,猪,立冬,五,Fri,Friday,311,45
20191109,1,1,假日,1573228800,十月十三,10月13日,猪,立冬后,六,Sat,Saturday,312,45
20191110,1,1,假日,1573315200,十月十四,10月14日,猪,立冬后,日,Sun,Sunday,313,45
20191111,1,0,工作日,1573401600,十月十五,10月15日,猪,立冬后,一,Mon,Monday,314,46
20191112,1,0,工作日,1573488000,十月十六,10月16日,猪,立冬后,二,Tue,Tuesday,315,46
20191113,1,0,工作日,1573574400,十月十七,10月17日,猪,立冬后,三,Wed,Wednesday,316,46
20191114,1,0,工作日,1573660800,十月十八,10月18日,猪,立冬后,四,Thu,Thursday,317,46
20191115,1,0,工作日,1573747200,十月十九,10月19日,猪,立冬后,五,Fri,Friday,318,46
20191116,1,1,假日,1573833600,十月二十,10月20日,猪,立冬后,六,Sat,Saturday,319,46
20191117,1,1,假日,1573920000,十月廿一,10月21日,猪,立冬后,日,Sun,Sunday,320,46
20191118,1,0,工作日,1574006400,十月廿二,10月22日,猪,立冬后,一,Mon,Monday,321,47
20191119,1,0,工作日,1574092800,十月廿三,10月23日,猪,立冬后,二,Tue,Tuesday,322,47
20191120,1,0,工作日,1574179200,十月廿四,10月24日,猪,立冬后,三,Wed,Wednesday,323,47
20191121,1,0,工作日,1574265600,十月廿五,10月25日,猪,立冬后,四,Thu,Thursday,324,47
20191122,1,0,工作日,1574352000,十月廿六,10月26日,猪,小雪,五,Fri,Friday,325,47
20191123,1,1,假日,1574438400,十月廿七,10月27日,猪,小雪后,六,Sat,Saturday,326,47
20191124,1,1,假日,1574524800,十月廿八,10月28日,猪,小雪后,日,Sun,Sunday,327,47
20191125,1,0,工作日,1574611200,十月廿九,10月29日,猪,小雪后,一,Mon,Monday,328,48
20191126,1,0,工作日,1574697600,十一月初一,11月1日,猪,小雪后,二,Tue,Tuesday,329,48
20191127,1,0,工作日,1574784000,十一月初二,11月2日,猪,小雪后,三,Wed,Wednesday,330,48
20191128,1,0,工作日,1574870400,十一月初三,11月3日,猪,小雪后,四,Thu,Thursday,331,48
20191129,1,0,工作日,1574956800,十一月初四,11月4日,猪,小雪后,五,Fri,Friday,332,48
20191130,1,1,假日,1575043200,十一月初五,11月5日,猪,小雪后,六,Sat,Saturday,333,48
20191201,1,1,假日,1575129600,十一月初六,11月6日,猪,小雪后,日,Sun,Sunday,334,48
20191202,1,0,工作日,1575216000,十一月初七,11月7日,猪,小雪后,一,Mon,Monday,335,49
20191203,1,0,工作日,1575302400,十一月初八,11月8日,猪,小雪后,二,Tue,Tuesday,336,49
20191204,1,0,工作日,1575388800,十一月初九,11月9日,猪,小雪后,三,Wed,Wednesday,337,49
20191205,1,0,工作日,1575475200,十一月初十,11月10日,猪,小雪后,四,Thu,Thursday,338,49
20191206,1,0,工作日,1575561600,十一月十一,11月11日,猪,小雪后,五,Fri,Friday,339,49
20191207,1,1,假日,1575648000,十一月十二,11月12日,猪,大雪,六,Sat,Saturday,340,49
20191208,1,1,假日,1575734400,十一月十三,11月13日,猪,大雪后,日,Sun,Sunday,341,49
20191209,1,0,工作日,1575820800,十一月十四,11月14日,猪,大雪后,一,Mon,Monday,342,50
20191210,1,0,工作日,1575907200,十一月十五,11月15日,猪,大雪后,二,Tue,Tuesday,343,50
20191211,1,0,工作日,1575993600,十一月十六,11月16日,猪,大雪后,三,Wed,Wednesday,344,50
20191212,1,0,工作日,1576080000,十一月十七,11月17日,猪,大雪后,四,Thu,Thursday,345,50
20191213,1,0,工作日,1576166400,十一月十八,11月18日,猪,大雪后,五,Fri,Friday,346,50
20191214,1,1,假日,1576252800,十一月十九,11月19日,猪,大雪后,六,Sat,Saturday,347,50
20191215,1,1,假日,1576339200,十一月二十,11月20日,猪,大雪后,日,Sun,Sunday,348,50
20191216,1,0,工作日,1576425600,十一月廿一,11月21日,猪,大雪后,一,Mon,Monday,349,51
20191217,1,0,工作日,1576512000,十一月廿二,11月22日,猪,大雪后,二,Tue,Tuesday,350,51
20191218,1,0,工作日,1576598400,十一月廿三,11月23日,猪,大雪后,三,Wed,Wednesday,351,51
20191219,1,0,工作日,1576684800,十一月廿四,11月24日,猪,大雪后,四,Thu,Thursday,352,51
20191220,1,0,工作日,1576771200,十一月廿五,11月25日,猪,大雪后,五,Fri,Friday,353,51
20191221,1,1,假日,1576857600,十一月廿六,11月26日,猪,大雪后,六,Sat,Saturday,354,51
20191222,1,1,假日,1576944000,十一月廿七,11月27日,猪,冬至,日,Sun,Sunday,355,51
20191223,1,0,工作日,1577030400,十一月廿八,11月28日,猪,冬至后,一,Mon,Monday,356,52
20191224,1,0,工作日,1577116800,十一月廿九,11月29日,猪,冬至后,二,Tue,Tuesday,357,52
20191225,1,0,工作日,1577203200,十一月三十,11月30日,猪,冬至后,三,Wed,Wednesday,358,52
20191226,1,0,工作日,1577289600,腊月初一,12月1日,猪,冬至后,四,Thu,Thursday,359,52
20191227,1,0,工作日,1577376000,腊月初二,12月2日,猪,冬至后,五,Fri,Friday,360,52
20191228,1,1,假日,1577462400,腊月初三,12月3日,猪,冬至后,六,Sat,Saturday,361,52
20191229,1,1,假日,1577548800,腊月初四,12月4日,猪,冬至后,日,Sun,Sunday,362,52
20191230,1,0,工作日,1577635200,腊月初五,12月5日,猪,冬至后,一,Mon,Monday,363,1
20191231,1,0,工作日,1577721600,腊月初六,12月6日,猪,冬至后,二,Tue,Tuesday,364,1
20200101,1,2,节日,1577808000,腊月初七,12月7日,猪,冬至后,三,Wed,Wednesday,0,1
20200102,1,0,工作日,1577894400,腊月初八,12月8日,猪,冬至后,四,Thu,Thursday,1,1
20200103,1,0,工作日,1577980800,腊月初九,12月9日,猪,冬至后,五,Fri,Friday,2,1
20200104,1,1,假日,1578067200,腊月初十,12月10日,猪,冬至后,六,Sat,Saturday,3,1
20200105,1,1,假日,1578153600,腊月十一,12月11日,猪,冬至后,日,Sun,Sunday,4,1
20200106,1,0,工作日,1578240000,腊月十二,12月12日,猪,小寒,一,Mon,Monday,5,2
20200107,1,0,工作日,1578326400,腊月十三,12月13日,猪,小寒后,二,Tue,Tuesday,6,2
20200108,1,0,工作日,1578412800,腊月十四,12月14日,猪,小寒后,三,Wed,Wednesday,7,2
20200109,1,0,工作日,1578499200,腊月十五,12月15日,猪,小寒后,四,Thu,Thursday,8,2
20200110,1,0,工作日,1578585600,腊月十六,12月16日,猪,小寒后,五,Fri,Friday,9,2
20200111,1,1,假日,1578672000,腊月十七,12月17日,猪,小寒后,六,Sat,Saturday,10,2
20200112,1,1,假日,1578758400,腊月十八,12月18日,猪,小寒后,日,Sun,Sunday,11,2
20200113,1,0,工作日,1578844800,腊月十九,12月19日,猪,小寒后,一,Mon,Monday,12,3
20200114,1,0,工作日,1578931200,腊月二十,12月20日,猪,小寒后,二,Tue,Tuesday,13,3
20200115,1,0,工作日,1579017600,腊月廿一,12月21日,猪,小寒后,三,Wed,Wednesday,14,3
20200116,1,0,工作日,1579104000,腊月廿二,12月22日,猪,小寒后,四,Thu,Thursday,15,3
20200117,1,0,工作日,1579190400,腊月廿三,12月23日,猪,小寒后,五,Fri,Friday,16,3
20200118,1,1,假日,1579276800,腊月廿四,12月24日,猪,小寒后,六,Sat,Saturday,17,3
20200119,1,0,工作日,1579363200,腊月廿五,12月25日,猪,小寒后,日,Sun,Sunday,18,3
20200120,1,0,工作日,1579449600,腊月廿六,12月26日,猪,大寒,一,Mon,Monday,19,4
20200121,1,0,工作日,1579536000,腊月廿七,12月27日,猪,大寒后,二,Tue,Tuesday,20,4
20200122,1,0,工作日,1579622400,腊月廿八,12月28日,猪,大寒后,三,Wed,Wednesday,21,4
20200123,1,0,工作日,1579708800,腊月廿九,12月29日,猪,大寒后,四,Thu,Thursday,22,4
20200124,1,1,假日,1579795200,腊月三十,12月30日,猪,大寒后,五,Fri,Friday,23,4
20200125,1,2,节日,1579881600,正月初一,1月1日,鼠,大寒后,六,Sat,Saturday,24,4
20200126,1,2,节日,1579968000,正月初二,1月2日,鼠,大寒后,日,Sun,Sunday,25,4
20200127,1,2,节日,1580054400,正月初三,1月3日,鼠,大寒后,一,Mon,Monday,26,5
20200128,1,1,假日,1580140800,正月初四,1月4日,鼠,大寒后,二,Tue,Tuesday,27,5
20200129,1,1,假日,1580227200,正月初五,1月5日,鼠,大寒后,三,Wed,Wednesday,28,5
20200130,1,1,假日,1580313600,正月初六,1月6日,鼠,大寒后,四,Thu,Thursday,29,5
20200131,1,1,假日,1580400000,正月初七,1月7日,鼠,大寒后,五,Fri,Friday,30,5
20200201,1,1,假日,1580486400,正月初八,1月8日,鼠,大寒后,六,Sat,Saturday,31,5
20200202,1,1,假日,1580572800,正月初九,1月9日,鼠,大寒后,日,Sun,Sunday,32,5
20200203,1,0,工作日,1580659200,正月初十,1月10日,鼠,大寒后,一,Mon,Monday,33,6
20200204,1,0,工作日,1580745600,正月十一,1月11日,鼠,立春,二,Tue,Tuesday,34,6
20200205,1,0,工作日,1580832000,正月十二,1月12日,鼠,立春后,三,Wed,Wednesday,35,6
20200206,1,0,工作日,1580918400,正月十三,1月13日,鼠,立春后,四,Thu,Thursday,36,6
20200207,1,0,工作日,1581004800,正月十四,1月14日,鼠,立春后,五,Fri,Friday,37,6
20200208,1,1,假日,1581091200,正月十五,1月15日,鼠,立春后,六,Sat,Saturday,38,6
20200209,1,1,假日,1581177600,正月十六,1月16日,鼠,立春后,日,Sun,Sunday,39,6
20200210,1,0,工作日,1581264000,正月十七,1月17日,鼠,立春后,一,Mon,Monday,40,7
20200211,1,0,工作日,1581350400,正月十八,1月18日,鼠,立春后,二,Tue,Tuesday,41,7
20200212,1,0,工作日,1581436800,正月十九,1月19日,鼠,立春后,三,Wed,Wednesday,42,7
20200213,1,0,工作日,1581523200,正月二十,1月20日,鼠,立春后,四,Thu,Thursday,43,7
20200214,1,0,工作日,1581609600,正月廿一,1月21日,鼠,立春后,五,Fri,Friday,44,7
20200215,1,1,假日,1581696000,正月廿二,1月22日,鼠,立春后,六,Sat,Saturday,45,7
20200216,1,1,假日,1581782400,正月廿三,1月23日,鼠,立春后,日,Sun,Sunday,46,7
20200217,1,0,工作日,1581868800,正月廿四,1月24日,鼠,立春后,一,Mon,Monday,47,8
20200218,1,0,工作日,1581955200,正月廿五,1月25日,鼠,立春后,二,Tue,Tuesday,48,8
20200219,1,0,工作日,1582041600,正月廿六,1月26日,鼠,雨水,三,Wed,Wednesday,49,8
20200220,1,0,工作日,1582128000,正月廿七,1月27日,鼠,雨水后,四,Thu,Thursday,50,8
20200221,1,0,工作日,1582214400,正月廿八,1月28日,鼠,雨水后,五,Fri,Friday,51,8
20200222,1,1,假日,1582300800,正月廿九,1月29日,鼠,雨水后,六,Sat,Saturday,52,8
20200223,1,1,假日,1582387200,二月初一,2月1日,鼠,雨水后,日,Sun,Sunday,53,8
20200224,1,0,工作日,1582473600,二月初二,2月2日,鼠,雨水后,一,Mon,Monday,54,9
20200225,1,0,工作日,1582560000,二月初三,2月3日,鼠,雨水后,二,Tue,Tuesday,55,9
20200226,1,0,工作日,1582646400,二月初四,2月4日,鼠,雨水后,三,Wed,Wednesday,56,9
20200227,1,0,工作日,1582732800,二月初五,2月5日,鼠,雨水后,四,Thu,Thursday,57,9
20200228,1,0,工作日,1582819200,二月初六,2月6日,鼠,雨水后,五,Fri,Friday,58,9
20200229,1,1,假日,1582905600,二月初七,2月7日,鼠,雨水后,六,Sat,Saturday,59,9
20200301,1,1,假日,1582992000,二月初八,2月8日,鼠,雨水后,日,Sun,Sunday,60,9
20200302,1,0,工作日,1583078400,二月初九,2月9日,鼠,雨水后,一,Mon,Monday,61,10
20200303,1,0,工作日,1583164800,二月初十,2月10日,鼠,雨水后,二,Tue,Tuesday,62,10
20200304,1,0,工作日,1583251200,二月十一,2月11日,鼠,雨水后,三,Wed,Wednesday,63,10
20200305,1,0,工作日,1583337600,二月十二,2月12日,鼠,雨水后,四,Thu,Thursday,64,10
20200306,1,0,工作日,1583424000,二月十三,2月13日,鼠,惊蛰,五,Fri,Friday,65,10
20200307,1,1,假日,1583510400,二月十四,2月14日,鼠,惊蛰后,六,Sat,Saturday,66,10
20200308,1,1,假日,1583596800,二月十五,2月15日,鼠,惊蛰后,日,Sun,Sunday,67,10
20200309,1,0,工作日,1583683200,二月十六,2月16日,鼠,惊蛰后,一,Mon,Monday,68,11
20200310,1,0,工作日,1583769600,二月十七,2月17日,鼠,惊蛰后,二,Tue,Tuesday,69,11
20200311,1,0,工作日,1583856000,二月十八,2月18日,鼠,惊蛰后,三,Wed,Wednesday,70,11
20200312,1,0,工作日,1583942400,二月十九,2月19日,鼠,惊蛰后,四,Thu,Thursday,71,11
20200313,1,0,工作日,1584028800,二月二十,2月20日,鼠,惊蛰后,五,Fri,Friday,72,11
20200314,1,1,假日,1584115200,二月廿一,2月21日,鼠,惊蛰后,六,Sat,Saturday,73,11
20200315,1,1,假日,1584201600,二月廿二,2月22日,鼠,惊蛰后,日,Sun,Sunday,74,11
20200316,1,0,工作日,1584288000,二月廿三,2月23日,鼠,惊蛰后,一,Mon,Monday,75,12
20200317,1,0,工作日,1584374400,二月廿四,2月24日,鼠,惊蛰后,二,Tue,Tuesday,76,12
20200318,1,0,工作日,1584460800,二月廿五,2月25日,鼠,惊蛰后,三,Wed,Wednesday,77,12
20200319,1,0,工作日,1584547200,二月廿六,2月26日,鼠,惊蛰后,四,Thu,Thursday,78,12
20200320,1,0,工作日,1584633600,二月廿七,2月27日,鼠,惊蛰后,五,Fri,Friday,79,12
20200321,1,1,假日,1584720000,二月廿八,2月28日,鼠,春分,六,Sat,Saturday,80,12
20200322,1,1,假日,1584806400,二月廿九,2月29日,鼠,春分后,日,Sun,Sunday,81,12
20200323,1,0,工作日,1584892800,二月三十,2-30,鼠,春分后,一,Mon,Monday,82,13
20200324,1,0,工作日,1584979200,三月初一,3月1日,鼠,春分后,二,Tue,Tuesday,83,13
20200325,1,0,工作日,1585065600,三月初二,3月2日,鼠,春分后,三,Wed,Wednesday,84,13
20200326,1,0,工作日,1585152000,三月初三,3月3日,鼠,春分后,四,Thu,Thursday,85,13
20200327,1,0,工作日,1585238400,三月初四,3月4日,鼠,春分后,五,Fri,Friday,86,13
20200328,1,1,假日,1585324800,三月初五,3月5日,鼠,春分后,六,Sat,Saturday,87,13
20200329,1,1,假日,1585411200,三月初六,3月6日,鼠,春分后,日,Sun,Sunday,88,13
20200330,1,0,工作日,1585497600,三月初七,3月7日,鼠,春分后,一,Mon,Monday,89,14
20200331,1,0,工作日,1585584000,三月初八,3月8日,鼠,春分后,二,Tue,Tuesday,90,14
20200401,1,0,工作日,1585670400,三月初九,3月9日,鼠,春分后,三,Wed,Wednesday,91,14
20200402,1,0,工作日,1585756800,三月初十,3月10日,鼠,春分后,四,Thu,Thursday,92,14
20200403,1,0,工作日,1585843200,三月十一,3月11日,鼠,春分后,五,Fri,Friday,93,14
20200404,1,2,节日,1585929600,三月十二,3月12日,鼠,春分后,六,Sat,Saturday,94,14
20200405,1,1,假日,1586016000,三月十三,3月13日,鼠,清明,日,Sun,Sunday,95,14
20200406,1,1,假日,1586102400,三月十四,3月14日,鼠,清明后,一,Mon,Monday,96,15
20200407,1,0,工作日,1586188800,三月十五,3月15日,鼠,清明后,二,Tue,Tuesday,97,15
20200408,1,0,工作日,1586275200,三月十六,3月16日,鼠,清明后,三,Wed,Wednesday,98,15
20200409,1,0,工作日,1586361600,三月十七,3月17日,鼠,清明后,四,Thu,Thursday,99,15
20200410,1,0,工作日,1586448000,三月十八,3月18日,鼠,清明后,五,Fri,Friday,100,15
20200411,1,1,假日,1586534400,三月十九,3月19日,鼠,清明后,六,Sat,Saturday,101,15
20200412,1,1,假日,1586620800,三月二十,3月20日,鼠,清明后,日,Sun,Sunday,102,15
20200413,1,0,工作日,1586707200,三月廿一,3月21日,鼠,清明后,一,Mon,Monday,103,16
20200414,1,0,工作日,1586793600,三月廿二,3月22日,鼠,清明后,二,Tue,Tuesday,104,16
20200415,1,0,工作日,1586880000,三月廿三,3月23日,鼠,清明后,三,Wed,Wednesday,105,16
20200416,1,0,工作日,1586966400,三月廿四,3月24日,鼠,清明后,四,Thu,Thursday,106,16
20200417,1,0,工作日,1587052800,三月廿五,3月25日,鼠,清明后,五,Fri,Friday,107,16
20200418,1,1,假日,1587139200,三月廿六,3月26日,鼠,清明后,六,Sat,Saturday,108,16
20200419,1,1,假日,1587225600,三月廿七,3月27日,鼠,清明后,日,Sun,Sunday,109,16
20200420,1,0,工作日,1587312000,三月廿八,3月28日,鼠,谷雨,一,Mon,Monday,110,17
20200421,1,0,工作日,1587398400,三月廿九,3月29日,鼠,谷雨后,二,Tue,Tuesday,111,17
20200422,1,0,工作日,1587484800,三月三十,3月30日,鼠,谷雨后,三,Wed,Wednesday,112,17
20200423,1,0,工作日,1587571200,四月初一,4月1日,鼠,谷雨后,四,Thu,Thursday,113,17
20200424,1,0,工作日,1587657600,四月初二,4月2日,鼠,谷雨后,五,Fri,Friday,114,17
20200425,1,1,假日,1587744000,四月初三,4月3日,鼠,谷雨后,六,Sat,Saturday,115,17
20200426,1,0,工作日,1587830400,四月初四,4月4日,鼠,谷雨后,日,Sun,Sunday,116,17
20200427,1,0,工作日,1587916800,四月初五,4月5日,鼠,谷雨后,一,Mon,Monday,117,18
20200428,1,0,工作日,1588003200,四月初六,4月6日,鼠,谷雨后,二,Tue,Tuesday,118,18
20200429,1,0,工作日,1588089600,四月初七,4月7日,鼠,谷雨后,三,Wed,Wednesday,119,18
20200430,1,0,工作日,1588176000,四月初八,4月8日,鼠,谷雨后,四,Thu,Thursday,120,18
20200501,1,2,节日,1588262400,四月初九,4月9日,鼠,谷雨后,五,Fri,Friday,121,18
20200502,1,1,假日,1588348800,四月初十,4月10日,鼠,谷雨后,六,Sat,Saturday,122,18
20200503,1,1,假日,1588435200,四月十一,4月11日,鼠,谷雨后,日,Sun,Sunday,123,18
20200504,1,1,假日,1588521600,四月十二,4月12日,鼠,谷雨后,一,Mon,Monday,124,19
20200505,1,1,假日,1588608000,四月十三,4月13日,鼠,谷雨后,二,Tue,Tuesday,125,19
20200506,1,0,工作日,1588694400,四月十四,4月14日,鼠,立夏,三,Wed,Wednesday,126,19
20200507,1,0,工作日,1588780800,四月十五,4月15日,鼠,立夏后,四,Thu,Thursday,127,19
20200508,1,0,工作日,1588867200,四月十六,4月16日,鼠,立夏后,五,Fri,Friday,128,19
20200509,1,0,工作日,1588953600,四月十七,4月17日,鼠,立夏后,六,Sat,Saturday,129,19
20200510,1,1,假日,1589040000,四月十八,4月18日,鼠,立夏后,日,Sun,Sunday,130,19
20200511,1,0,工作日,1589126400,四月十九,4月19日,鼠,立夏后,一,Mon,Monday,131,20
20200512,1,0,工作日,1589212800,四月二十,4月20日,鼠,立夏后,二,Tue,Tuesday,132,20
20200513,1,0,工作日,1589299200,四月廿一,4月21日,鼠,立夏后,三,Wed,Wednesday,133,20
20200514,1,0,工作日,1589385600,四月廿二,4月22日,鼠,立夏后,四,Thu,Thursday,134,20
20200515,1,0,工作日,1589472000,四月廿三,4月23日,鼠,立夏后,五,Fri,Friday,135,20
20200516,1,1,假日,1589558400,四月廿四,4月24日,鼠,立夏后,六,Sat,Saturday,136,20
20200517,1,1,假日,1589644800,四月廿五,4月25日,鼠,立夏后,日,Sun,Sunday,137,20
20200518,1,0,工作日,1589731200,四月廿六,4月26日,鼠,立夏后,一,Mon,Monday,138,21
20200519,1,0,工作日,1589817600,四月廿七,4月27日,鼠,立夏后,二,Tue,Tuesday,139,21
20200520,1,0,工作日,1589904000,四月廿八,4月28日,鼠,立夏后,三,Wed,Wednesday,140,21
20200521,1,0,工作日,1589990400,四月廿九,4月29日,鼠,小满,四,Thu,Thursday,141,21
20200522,1,0,工作日,1590076800,四月三十,4月30日,鼠,小满后,五,Fri,Friday,142,21
20200523,1,1,假日,1590163200,闰四月初一,4月1日,鼠,小满后,六,Sat,Saturday,143,21
20200524,1,1,假日,1590249600,闰四月初二,4月2日,鼠,小满后,日,Sun,Sunday,144,21
20200525,1,0,工作日,1590336000,闰四月初三,4月3日,鼠,小满后,一,Mon,Monday,145,22
20200526,1,0,工作日,1590422400,闰四月初四,4月4日,鼠,小满后,二,Tue,Tuesday,146,22
20200527,1,0,工作日,1590508800,闰四月初五,4月5日,鼠,小满后,三,Wed,Wednesday,147,22
20200528,1,0,工作日,1590595200,闰四月初六,4月6日,鼠,小满后,四,Thu,Thursday,148,22
20200529,1,0,工作日,1590681600,闰四月初七,4月7日,鼠,小满后,五,Fri,Friday,149,22
20200530,1,1,假日,1590768000,闰四月初八,4月8日,鼠,小满后,六,Sat,Saturday,150,22
20200531,1,1,假日,1590854400,闰四月初九,4月9日,鼠,小满后,日,Sun,Sunday,151,22
20200601,1,0,工作日,1590940800,闰四月初十,4月10日,鼠,小满后,一,Mon,Monday,152,23
20200602,1,0,工作日,1591027200,闰四月十一,4月11日,鼠,小满后,二,Tue,Tuesday,153,23
20200603,1,0,工作日,1591113600,闰四月十二,4月12日,鼠,小满后,三,Wed,Wednesday,154,23
20200604,1,0,工作日,1591200000,闰四月十三,4月13日,鼠,小满后,四,Thu,Thursday,155,23
20200605,1,0,工作日,1591286400,闰四月十四,4月14日,鼠,小满后,五,Fri,Friday,156,23
20200606,1,1,假日,1591372800,闰四月十五,4月15日,鼠,芒种,六,Sat,Saturday,157,23
20200607,1,1,假日,1591459200,闰四月十六,4月16日,鼠,芒种后,日,Sun,Sunday,158,23
20200608,1,0,工作日,1591545600,闰四月十七,4月17日,鼠,芒种后,一,Mon,Monday,159,24
20200609,1,0,工作日,1591632000,闰四月十八,4月18日,鼠,芒种后,二,Tue,Tuesday,160,24
20200610,1,0,工作日,1591718400,闰四月十九,4月19日,鼠,芒种后,三,Wed,Wednesday,161,24
20200611,1,0,工作日,1591804800,闰四月二十,4月20日,鼠,芒种后,四,Thu,Thursday,162,24
20200612,1,0,工作日,1591891200,闰四月廿一,4月21日,鼠,芒种后,五,Fri,Friday,163,24
20200613,1,1,假日,1591977600,闰四月廿二,4月22日,鼠,芒种后,六,Sat,Saturday,164,24
20200614,1,1,假日,1592064000,闰四月廿三,4月23日,鼠,芒种后,日,Sun,Sunday,165,24
20200615,1,0,工作日,1592150400,闰四月廿四,4月24日,鼠,芒种后,一,Mon,Monday,166,25
20200616,1,0,工作日,1592236800,闰四月廿五,4月25日,鼠,芒种后,二,Tue,Tuesday,167,25
20200617,1,0,工作日,1592323200,闰四月廿六,4月26日,鼠,芒种后,三,Wed,Wednesday,168,25
20200618,1,0,工作日,1592409600,闰四月廿七,4月27日,鼠,芒种后,四,Thu,Thursday,169,25
20200619,1,0,工作日,1592496000,闰四月廿八,4月28日,鼠,芒种后,五,Fri,Friday,170,25
20200620,1,1,假日,1592582400,闰四月廿九,4月29日,鼠,芒种后,六,Sat,Saturday,171,25
20200621,1,1,假日,1592668800,五月初一,5月1日,鼠,芒种后,日,Sun,Sunday,172,25
20200622,1,0,工作日,1592755200,五月初二,5月2日,鼠,夏至,一,Mon,Monday,173,26
20200623,1,0,工作日,1592841600,五月初三,5月3日,鼠,夏至后,二,Tue,Tuesday,174,26
20200624,1,0,工作日,1592928000,五月初四,5月4日,鼠,夏至后,三,Wed,Wednesday,175,26
20200625,1,2,节日,1593014400,五月初五,5月5日,鼠,夏至后,四,Thu,Thursday,176,26
20200626,1,1,假日,1593100800,五月初六,5月6日,鼠,夏至后,五,Fri,Friday,177,26
20200627,1,1,假日,1593187200,五月初七,5月7日,鼠,夏至后,六,Sat,Saturday,178,26
20200628,1,0,工作日,1593273600,五月初八,5月8日,鼠,夏至后,日,Sun,Sunday,179,26
20200629,1,0,工作日,1593360000,五月初九,5月9日,鼠,夏至后,一,Mon,Monday,180,27
20200630,1,0,工作日,1593446400,五月初十,5月10日,鼠,夏至后,二,Tue,Tuesday,181,27
20200701,1,0,工作日,1593532800,五月十一,5月11日,鼠,夏至后,三,Wed,Wednesday,182,27
20200702,1,0,工作日,1593619200,五月十二,5月12日,鼠,夏至后,四,Thu,Thursday,183,27
20200703,1,0,工作日,1593705600,五月十三,5月13日,鼠,夏至后,五,Fri,Friday,184,27
20200704,1,1,假日,1593792000,五月十四,5月14日,鼠,夏至后,六,Sat,Saturday,185,27
20200705,1,1,假日,1593878400,五月十五,5月15日,鼠,夏至后,日,Sun,Sunday,186,27
20200706,1,0,工作日,1593964800,五月十六,5月16日,鼠,夏至后,一,Mon,Monday,187,28
20200707,1,0,工作日,1594051200,五月十七,5月17日,鼠,小暑,二,Tue,Tuesday,188,28
20200708,1,0,工作日,1594137600,五月十八,5月18日,鼠,小暑后,三,Wed,Wednesday,189,28
20200709,1,0,工作日,1594224000,五月十九,5月19日,鼠,小暑后,四,Thu,Thursday,190,28
20200710,1,0,工作日,1594310400,五月二十,5月20日,鼠,小暑后,五,Fri,Friday,191,28
20200711,1,1,假日,1594396800,五月廿一,5月21日,鼠,小暑后,六,Sat,Saturday,192,28
20200712,1,1,假日,1594483200,五月廿二,5月22日,鼠,小暑后,日,Sun,Sunday,193,28
20200713,1,0,工作日,1594569600,五月廿三,5月23日,鼠,小暑后,一,Mon,Monday,194,29
20200714,1,0,工作日,1594656000,五月廿四,5月24日,鼠,小暑后,二,Tue,Tuesday,195,29
20200715,1,0,工作日,1594742400,五月廿五,5月25日,鼠,小暑后,三,Wed,Wednesday,196,29
20200716,1,0,工作日,1594828800,五月廿六,5月26日,鼠,小暑后,四,Thu,Thursday,197,29
20200717,1,0,工作日,1594915200,五月廿七,5月27日,鼠,小暑后,五,Fri,Friday,198,29
20200718,1,1,假日,1595001600,五月廿八,5月28日,鼠,小暑后,六,Sat,Saturday,199,29
20200719,1,1,假日,1595088000,五月廿九,5月29日,鼠,小暑后,日,Sun,Sunday,200,29
20200720,1,0,工作日,1595174400,五月三十,5月30日,鼠,小暑后,一,Mon,Monday,201,30
20200721,1,0,工作日,1595260800,六月初一,6月1日,鼠,小暑后,二,Tue,Tuesday,202,30
20200722,1,0,工作日,1595347200,六月初二,6月2日,鼠,小暑后,三,Wed,Wednesday,203,30
20200723,1,0,工作日,1595433600,六月初三,6月3日,鼠,大暑,四,Thu,Thursday,204,30
20200724,1,0,工作日,1595520000,六月初四,6月4日,鼠,大暑后,五,Fri,Friday,205,30
20200725,1,1,假日,1595606400,六月初五,6月5日,鼠,大暑后,六,Sat,Saturday,206,30
20200726,1,1,假日,1595692800,六月初六,6月6日,鼠,大暑后,日,Sun,Sunday,207,30
20200727,1,0,工作日,1595779200,六月初七,6月7日,鼠,大暑后,一,Mon,Monday,208,31
20200728,1,0,工作日,1595865600,六月初八,6月8日,鼠,大暑后,二,Tue,Tuesday,209,31
20200729,1,0,工作日,1595952000,六月初九,6月9日,鼠,大暑后,三,Wed,Wednesday,210,31
20200730,1,0,工作日,1596038400,六月初十,6月10日,鼠,大暑后,四,Thu,Thursday,211,31
20200731,1,0,工作日,1596124800,六月十一,6月11日,鼠,大暑后,五,Fri,Friday,212,31
20200801,1,1,假日,1596211200,六月十二,6月12日,鼠,大暑后,六,Sat,Saturday,213,31
20200802,1,1,假日,1596297600,六月十三,6月13日,鼠,大暑后,日,Sun,Sunday,214,31
20200803,1,0,工作日,1596384000,六月十四,6月14日,鼠,大暑后,一,Mon,Monday,215,32
20200804,1,0,工作日,1596470400,六月十五,6月15日,鼠,大暑后,二,Tue,Tuesday,216,32
20200805,1,0,工作日,1596556800,六月十六,6月16日,鼠,大暑后,三,Wed,Wednesday,217,32
20200806,1,0,工作日,1596643200,六月十七,6月17日,鼠,大暑后,四,Thu,Thursday,218,32
20200807,1,0,工作日,1596729600,六月十八,6月18日,鼠,大暑后,五,Fri,Friday,219,32
20200808,1,1,假日,1596816000,六月十九,6月19日,鼠,立秋,六,Sat,Saturday,220,32
20200809,1,1,假日,1596902400,六月二十,6月20日,鼠,立秋后,日,Sun,Sunday,221,32
20200810,1,0,工作日,1596988800,六月廿一,6月21日,鼠,立秋后,一,Mon,Monday,222,33
20200811,1,0,工作日,1597075200,六月廿二,6月22日,鼠,立秋后,二,Tue,Tuesday,223,33
20200812,1,0,工作日,1597161600,六月廿三,6月23日,鼠,立秋后,三,Wed,Wednesday,224,33
20200813,1,0,工作日,1597248000,六月廿四,6月24日,鼠,立秋后,四,Thu,Thursday,225,33
20200814,1,0,工作日,1597334400,六月廿五,6月25日,鼠,立秋后,五,Fri,Friday,226,33
20200815,1,1,假日,1597420800,六月廿六,6月26日,鼠,立秋后,六,Sat,Saturday,227,33
20200816,1,1,假日,1597507200,六月廿七,6月27日,鼠,立秋后,日,Sun,Sunday,228,33
20200817,1,0,工作日,1597593600,六月廿八,6月28日,鼠,立秋后,一,Mon,Monday,229,34
20200818,1,0,工作日,1597680000,六月廿九,6月29日,鼠,立秋后,二,Tue,Tuesday,230,34
20200819,1,0,工作日,1597766400,七月初一,7月1日,鼠,立秋后,三,Wed,Wednesday,231,34
20200820,1,0,工作日,1597852800,七月初二,7月2日,鼠,立秋后,四,Thu,Thursday,232,34
20200821,1,0,工作日,1597939200,七月初三,7月3日,鼠,立秋后,五,Fri,Friday,233,34
20200822,1,1,假日,1598025600,七月初四,7月4日,鼠,立秋后,六,Sat,Saturday,234,34
20200823,1,1,假日,1598112000,七月初五,7月5日,鼠,处暑,日,Sun,Sunday,235,34
20200824,1,0,工作日,1598198400,七月初六,7月6日,鼠,处暑后,一,Mon,Monday,236,35
20200825,1,0,工作日,1598284800,七月初七,7月7日,鼠,处暑后,二,Tue,Tuesday,237,35
20200826,1,0,工作日,1598371200,七月初八,7月8日,鼠,处暑后,三,Wed,Wednesday,238,35
20200827,1,0,工作日,1598457600,七月初九,7月9日,鼠,处暑后,四,Thu,Thursday,239,35
20200828,1,0,工作日,1598544000,七月初十,7月10日,鼠,处暑后,五,Fri,Friday,240,35
20200829,1,1,假日,1598630400,七月十一,7月11日,鼠,处暑后,六,Sat,Saturday,241,35
20200830,1,1,假日,1598716800,七月十二,7月12日,鼠,处暑后,日,Sun,Sunday,242,35
20200831,1,0,工作日,1598803200,七月十三,7月13日,鼠,处暑后,一,Mon,Monday,243,36
20200901,1,0,工作日,1598889600,七月十四,7月14日,鼠,处暑后,二,Tue,Tuesday,244,36
20200902,1,0,工作日,1598976000,七月十五,7月15日,鼠,处暑后,三,Wed,Wednesday,245,36
20200903,1,0,工作日,1599062400,七月十六,7月16日,鼠,处暑后,四,Thu,Thursday,246,36
20200904,1,0,工作日,1599148800,七月十七,7月17日,鼠,处暑后,五,Fri,Friday,247,36
20200905,1,1,假日,1599235200,七月十八,7月18日,鼠,处暑后,六,Sat,Saturday,248,36
20200906,1,1,假日,1599321600,七月十九,7月19日,鼠,处暑后,日,Sun,Sunday,249,36
20200907,1,0,工作日,1599408000,七月二十,7月20日,鼠,处暑后,一,Mon,Monday,250,37
20200908,1,0,工作日,1599494400,七月廿一,7月21日,鼠,白露,二,Tue,Tuesday,251,37
20200909,1,0,工作日,1599580800,七月廿二,7月22日,鼠,白露后,三,Wed,Wednesday,252,37
20200910,1,0,工作日,1599667200,七月廿三,7月23日,鼠,白露后,四,Thu,Thursday,253,37
20200911,1,0,工作日,1599753600,七月廿四,7月24日,鼠,白露后,五,Fri,Friday,254,37
20200912,1,1,假日,1599840000,七月廿五,7月25日,鼠,白露后,六,Sat,Saturday,255,37
20200913,1,1,假日,1599926400,七月廿六,7月26日,鼠,白露后,日,Sun,Sunday,256,37
20200914,1,0,工作日,1600012800,七月廿七,7月27日,鼠,白露后,一,Mon,Monday,257,38
20200915,1,0,工作日,1600099200,七月廿八,7月28日,鼠,白露后,二,Tue,Tuesday,258,38
20200916,1,0,工作日,1600185600,七月廿九,7月29日,鼠,白露后,三,Wed,Wednesday,259,38
20200917,1,0,工作日,1600272000,八月初一,8月1日,鼠,白露后,四,Thu,Thursday,260,38
20200918,1,0,工作日,1600358400,八月初二,8月2日,鼠,白露后,五,Fri,Friday,261,38
20200919,1,1,假日,1600444800,八月初三,8月3日,鼠,白露后,六,Sat,Saturday,262,38
20200920,1,1,假日,1600531200,八月初四,8月4日,鼠,白露后,日,Sun,Sunday,263,38
20200921,1,0,工作日,1600617600,八月初五,8月5日,鼠,白露后,一,Mon,Monday,264,39
20200922,1,0,工作日,1600704000,八月初六,8月6日,鼠,白露后,二,Tue,Tuesday,265,39
20200923,1,0,工作日,1600790400,八月初七,8月7日,鼠,秋分,三,Wed,Wednesday,266,39
20200924,1,0,工作日,1600876800,八月初八,8月8日,鼠,秋分后,四,Thu,Thursday,267,39
20200925,1,0,工作日,1600963200,八月初九,8月9日,鼠,秋分后,五,Fri,Friday,268,39
20200926,1,1,假日,1601049600,八月初十,8月10日,鼠,秋分后,六,Sat,Saturday,269,39
20200927,1,0,工作日,1601136000,八月十一,8月11日,鼠,秋分后,日,Sun,Sunday,270,39
20200928,1,0,工作日,1601222400,八月十二,8月12日,鼠,秋分后,一,Mon,Monday,271,40
20200929,1,0,工作日,1601308800,八月十三,8月13日,鼠,秋分后,二,Tue,Tuesday,272,40
20200930,1,0,工作日,1601395200,八月十四,8月14日,鼠,秋分后,三,Wed,Wednesday,273,40
20201001,1,2,节日,1601481600,八月十五,8月15日,鼠,秋分后,四,Thu,Thursday,274,40
20201002,1,2,节日,1601568000,八月十六,8月16日,鼠,秋分后,五,Fri,Friday,275,40
20201003,1,2,节日,1601654400,八月十七,8月17日,鼠,秋分后,六,Sat,Saturday,276,40
20201004,1,2,节日,1601740800,八月十八,8月18日,鼠,秋分后,日,Sun,Sunday,277,40
20201005,1,1,假日,1601827200,八月十九,8月19日,鼠,秋分后,一,Mon,Monday,278,41
20201006,1,1,假日,1601913600,八月二十,8月20日,鼠,秋分后,二,Tue,Tuesday,279,41
20201007,1,1,假日,1602000000,八月廿一,8月21日,鼠,秋分后,三,Wed,Wednesday,280,41
20201008,1,1,假日,1602086400,八月廿二,8月22日,鼠,秋分后,四,Thu,Thursday,281,41
20201009,1,0,工作日,1602172800,八月廿三,8月23日,鼠,寒露,五,Fri,Friday,282,41
20201010,1,0,工作日,1602259200,八月廿四,8月24日,鼠,寒露后,六,Sat,Saturday,283,41
20201011,1,1,假日,1602345600,八月廿五,8月25日,鼠,寒露后,日,Sun,Sunday,284,41
20201012,1,0,工作日,1602432000,八月廿六,8月26日,鼠,寒露后,一,Mon,Monday,285,42
20201013,1,0,工作日,1602518400,八月廿七,8月27日,鼠,寒露后,二,Tue,Tuesday,286,42
20201014,1,0,工作日,1602604800,八月廿八,8月28日,鼠,寒露后,三,Wed,Wednesday,287,42
20201015,1,0,工作日,1602691200,八月廿九,8月29日,鼠,寒露后,四,Thu,Thursday,288,42
20201016,1,0,工作日,1602777600,八月三十,8月30日,鼠,寒露后,五,Fri,Friday,289,42
20201017,1,1,假日,1602864000,九月初一,9月1日,鼠,寒露后,六,Sat,Saturday,290,42
20201018,1,1,假日,1602950400,九月初二,9月2日,鼠,寒露后,日,Sun,Sunday,291,42
20201019,1,0,工作日,1603036800,九月初三,9月3日,鼠,寒露后,一,Mon,Monday,292,43
20201020,1,0,工作日,1603123200,九月初四,9月4日,鼠,寒露后,二,Tue,Tuesday,293,43
20201021,1,0,工作日,1603209600,九月初五,9月5日,鼠,寒露后,三,Wed,Wednesday,294,43
20201022,1,0,工作日,1603296000,九月初六,9月6日,鼠,寒露后,四,Thu,Thursday,295,43
20201023,1,0,工作日,1603382400,九月初七,9月7日,鼠,寒露后,五,Fri,Friday,296,43
20201024,1,1,假日,1603468800,九月初八,9月8日,鼠,霜降,六,Sat,Saturday,297,43
20201025,1,1,假日,1603555200,九月初九,9月9日,鼠,霜降后,日,Sun,Sunday,298,43
20201026,1,0,工作日,1603641600,九月初十,9月10日,鼠,霜降后,一,Mon,Monday,299,44
20201027,1,0,工作日,1603728000,九月十一,9月11日,鼠,霜降后,二,Tue,Tuesday,300,44
20201028,1,0,工作日,1603814400,九月十二,9月12日,鼠,霜降后,三,Wed,Wednesday,301,44
20201029,1,0,工作日,1603900800,九月十三,9月13日,鼠,霜降后,四,Thu,Thursday,302,44
20201030,1,0,工作日,1603987200,九月十四,9月14日,鼠,霜降后,五,Fri,Friday,303,44
20201031,1,1,假日,1604073600,九月十五,9月15日,鼠,霜降后,六,Sat,Saturday,304,44
20201101,1,1,假日,1604160000,九月十六,9月16日,鼠,霜降后,日,Sun,Sunday,305,44
20201102,1,0,工作日,1604246400,九月十七,9月17日,鼠,霜降后,一,Mon,Monday,306,45
20201103,1,0,工作日,1604332800,九月十八,9月18日,鼠,霜降后,二,Tue,Tuesday,307,45
20201104,1,0,工作日,1604419200,九月十九,9月19日,鼠,霜降后,三,Wed,Wednesday,308,45
20201105,1,0,工作日,1604505600,九月二十,9月20日,鼠,霜降后,四,Thu,Thursday,309,45
20201106,1,0,工作日,1604592000,九月廿一,9月21日,鼠,霜降后,五,Fri,Friday,310,45
20201107,1,1,假日,1604678400,九月廿二,9月22日,鼠,霜降后,六,Sat,Saturday,311,45
20201108,1,1,假日,1604764800,九月廿三,9月23日,鼠,立冬,日,Sun,Sunday,312,45
20201109,1,0,工作日,1604851200,九月廿四,9月24日,鼠,立冬后,一,Mon,Monday,313,46
20201110,1,0,工作日,1604937600,九月廿五,9月25日,鼠,立冬后,二,Tue,Tuesday,314,46
20201111,1,0,工作日,1605024000,九月廿六,9月26日,鼠,立冬后,三,Wed,Wednesday,315,46
20201112,1,0,工作日,1605110400,九月廿七,9月27日,鼠,立冬后,四,Thu,Thursday,316,46
20201113,1,0,工作日,1605196800,九月廿八,9月28日,鼠,立冬后,五,Fri,Friday,317,46
20201114,1,1,假日,1605283200,九月廿九,9月29日,鼠,立冬后,六,Sat,Saturday,318,46
20201115,1,1,假日,1605369600,十月初一,10月1日,鼠,立冬后,日,Sun,Sunday,319,46
20201116,1,0,工作日,1605456000,十月初二,10月2日,鼠,立冬后,一,Mon,Monday,320,47
20201117,1,0,工作日,1605542400,十月初三,10月3日,鼠,立冬后,二,Tue,Tuesday,321,47
20201118,1,0,工作日,1605628800,十月初四,10月4日,鼠,立冬后,三,Wed,Wednesday,322,47
20201119,1,0,工作日,1605715200,十月初五,10月5日,鼠,立冬后,四,Thu,Thursday,323,47
20201120,1,0,工作日,1605801600,十月初六,10月6日,鼠,立冬后,五,Fri,Friday,324,47
20201121,1,1,假日,1605888000,十月初七,10月7日,鼠,立冬后,六,Sat,Saturday,325,47
20201122,1,1,假日,1605974400,十月初八,10月8日,鼠,立冬后,日,Sun,Sunday,326,47
20201123,1,0,工作日,1606060800,十月初九,10月9日,鼠,小雪,一,Mon,Monday,327,48
20201124,1,0,工作日,1606147200,十月初十,10月10日,鼠,小雪后,二,Tue,Tuesday,328,48
20201125,1,0,工作日,1606233600,十月十一,10月11日,鼠,小雪后,三,Wed,Wednesday,329,48
20201126,1,0,工作日,1606320000,十月十二,10月12日,鼠,小雪后,四,Thu,Thursday,330,48
20201127,1,0,工作日,1606406400,十月十三,10月13日,鼠,小雪后,五,Fri,Friday,331,48
20201128,1,1,假日,1606492800,十月十四,10月14日,鼠,小雪后,六,Sat,Saturday,332,48
20201129,1,1,假日,1606579200,十月十五,10月15日,鼠,小雪后,日,Sun,Sunday,333,48
20201130,1,0,工作日,1606665600,十月十六,10月16日,鼠,小雪后,一,Mon,Monday,334,49
20201201,1,0,工作日,1606752000,十月十七,10月17日,鼠,小雪后,二,Tue,Tuesday,335,49
20201202,1,0,工作日,1606838400,十月十八,10月18日,鼠,小雪后,三,Wed,Wednesday,336,49
20201203,1,0,工作日,1606924800,十月十九,10月19日,鼠,小雪后,四,Thu,Thursday,337,49
20201204,1,0,工作日,1607011200,十月二十,10月20日,鼠,小雪后,五,Fri,Friday,338,49
20201205,1,1,假日,1607097600,十月廿一,10月21日,鼠,小雪后,六,Sat,Saturday,339,49
20201206,1,1,假日,1607184000,十月廿二,10月22日,鼠,小雪后,日,Sun,Sunday,340,49
20201207,1,0,工作日,1607270400,十月廿三,10月23日,鼠,小雪后,一,Mon,Monday,341,50
20201208,1,0,工作日,1607356800,十月廿四,10月24日,鼠,大雪,二,Tue,Tuesday,342,50
20201209,1,0,工作日,1607443200,十月廿五,10月25日,鼠,大雪后,三,Wed,Wednesday,343,50
20201210,1,0,工作日,1607529600,十月廿六,10月26日,鼠,大雪后,四,Thu,Thursday,344,50
20201211,1,0,工作日,1607616000,十月廿七,10月27日,鼠,大雪后,五,Fri,Friday,345,50
20201212,1,1,假日,1607702400,十月廿八,10月28日,鼠,大雪后,六,Sat,Saturday,346,50
20201213,1,1,假日,1607788800,十月廿九,10月29日,鼠,大雪后,日,Sun,Sunday,347,50
20201214,1,0,工作日,1607875200,十月三十,10月30日,鼠,大雪后,一,Mon,Monday,348,51
20201215,1,0,工作日,1607961600,十一月初一,11月1日,鼠,大雪后,二,Tue,Tuesday,349,51
20201216,1,0,工作日,1608048000,十一月初二,11月2日,鼠,大雪后,三,Wed,Wednesday,350,51
20201217,1,0,工作日,1608134400,十一月初三,11月3日,鼠,大雪后,四,Thu,Thursday,351,51
20201218,1,0,工作日,1608220800,十一月初四,11月4日,鼠,大雪后,五,Fri,Friday,352,51
20201219,1,1,假日,1608307200,十一月初五,11月5日,鼠,大雪后,六,Sat,Saturday,353,51
20201220,1,1,假日,1608393600,十一月初六,11月6日,鼠,大雪后,日,Sun,Sunday,354,51
20201221,1,0,工作日,1608480000,十一月初七,11月7日,鼠,大雪后,一,Mon,Monday,355,52
20201222,1,0,工作日,1608566400,十一月初八,11月8日,鼠,冬至,二,Tue,Tuesday,356,52
20201223,1,0,工作日,1608652800,十一月初九,11月9日,鼠,冬至后,三,Wed,Wednesday,357,52
20201224,1,0,工作日,1608739200,十一月初十,11月10日,鼠,冬至后,四,Thu,Thursday,358,52
20201225,1,0,工作日,1608825600,十一月十一,11月11日,鼠,冬至后,五,Fri,Friday,359,52
20201226,1,1,假日,1608912000,十一月十二,11月12日,鼠,冬至后,六,Sat,Saturday,360,52
20201227,1,1,假日,1608998400,十一月十三,11月13日,鼠,冬至后,日,Sun,Sunday,361,52
20201228,1,0,工作日,1609084800,十一月十四,11月14日,鼠,冬至后,一,Mon,Monday,362,53
20201229,1,0,工作日,1609171200,十一月十五,11月15日,鼠,冬至后,二,Tue,Tuesday,363,53
20201230,1,0,工作日,1609257600,十一月十六,11月16日,鼠,冬至后,三,Wed,Wednesday,364,53
